推文,標題,日期,網址,內容
0,[食記] 九州福岡 米其林Bib Gourmand 星期菜, 1/02,http://www.ptt.cc/bbs/Food/M.1546399632.A.A71.html,店    名：星期菜 須崎町店地    址：福岡県福岡市博多区須崎町4-19 ブライトンハイツ 1F營業時間：中餐11:30 ～ 14:00、晚餐17:30 ～ 22:00休    日：星期日推薦食物：海鮮麵最低消費：～￥999網誌圖文版：https://biglegsrabbit.blogspot.jp/2018/03/1_11.html星期菜集團下有三間名為星期菜的分店，其中「星期菜 須崎町店」是曾獲得2014福岡、佐賀米其林特別版中「Bib Gourmand」認證，菜色以中國、香港、台灣風的料理為主，又之前寫過「星期菜 水上公園店」食記，可參考不同餐點內容。須崎町位在橫街雜巷內，附近為住宅區，店面很小，白底黑字的招牌可勉強識別，外頭僅一扇拉門分隔裡外，通常美味的菜餚都藏身於如此樸實的店頭裡，令人拭目以待。店外有擺出當天的午間菜單，可先看過再決定是否入內享用。值得注意的是，營業時間較短，且店內座位不多，有時一等也是十幾來分，需要斟酌行程時間。依稀記得店內僅約四到五張餐桌，以及一名廚師和一名店員，麻雀雖小，五臟俱全，服務品質和環境整潔一點也不馬虎。我們當時約一點到店用餐，店內為滿席狀態，用餐多為當地人，可見在地評價確實出色。簡單的黃褐色調餐桌在晚餐時搭配黃光挺有氣氛，與店內白水泥牆的對比相較樸實，而玻璃水杯則顯得格外晶亮冰冷。官網上獨缺須崎町店的網頁，所以無法先行參考菜單。店家中午菜單以日文呈現，由於中華料理不少漢字表達，應不用擔心語言問題。中餐主要提供麵與飯的套餐組合，晚餐則以單點形式為主，晚餐的價位比中午高出許多，菜式當然也更出色。「星期菜」店名的來源是指每星期的菜色會依顧客做調整，不斷推陳出新，以呈現香港、台灣風的料理原則下，並能符合顧客口味做適當變化，希望以低價位提供高品質的料理，也與「Bib Gourmand」推薦原則相符。我們各選了一道套餐，分別是「叉燒蔥油湯麵」和「海鮮香菇湯麵」。「チャーシューとネギの香り汁そば」プラス「四川風肉みそごはん」(叉燒蔥油湯麵+肉崧醬飯)(日幣680元)，這碗湯麵配料單純，以切薄片的瘦肉、洋蔥絲與青蔥末為主，湯頭加入些許油蔥酥，味道濃香。洋蔥絲未泡至過軟，與肉片同食別有滋味。這裡的麵條色澤微黃，口感稍硬，和碗中其他配料衝突感分明，吃起來味覺層次更為豐富，與台灣陽春麵條極為不同。「四川風肉みそごはん」(肉崧醬飯)(日幣250元)，在台灣，我們稱這碗為肉燥飯，這裡的肉燥飯，常是以乾且瘦肉燥的形式附在飯上食用，口感乾硬，滋味偏鹹，應是來自味噌調味。飯中加入不少日本水菜，味道像豆苗，質地清爽，生食或煮湯都可，能中和肉燥鹹度。「海鮮ときのンの汁そば」プラス「蒸し雞の山椒ごはん」(海鮮香菇湯麵+白切雞飯)(日幣950元)，這一碗滋味特好，讓平日不食海鮮麵的大腳兔也能暢快吃上整碗。碗中海鮮配料豐富，料也給的實在，例如蝦仁、魷魚、烏賊、花枝等，再撒上酌量豆芽，以南瓜點綴，既成一碗湯鮮味美的海鮮麵。麵條雖與叉燒蔥油湯麵無不相同，滋味卻因鮮甜的湯頭與配料的豐腴口感猶勝一籌。喜歡吃海鮮麵的旅人請務必點上一碗。「蒸し雞の山椒ごはん」(白切雞飯)(日幣250元)，原本海鮮香菇湯麵附的是白飯，可向店家補差額換其他口味的飯類，例如白飯單點是日幣150元，所以補日幣100元換成白切雞飯。這碗飯以白煮雞肉條和水菜為主，肉質軟嫩無過多調味，惟水菜份量過多，咀嚼偏乾，香氣稍遜肉崧醬飯。--
0,[食記] 高雄 人氣鐵板牛排老店 佳家牛排, 1/02,http://www.ptt.cc/bbs/Food/M.1546400288.A.CFD.html,   餐廳名稱：佳家牛排   消費時間：2018/12   地址：807高雄市三民區陽明路217號   電話： 07 392 2233   營業時間：17:00~23:00　星期三休息   每人平均價位：100左右   可否刷卡：不行   有無包廂：無   推薦菜色：牛排https://goo.gl/kJhPzw  圖文 短短幾張這間是之前去吃黑人當歸時，群組裡的朋友推薦的美食想說位置也近近的就揪我弟一起去了，哈哈這間佳家牛排也是在陽明路上，認真說來這吃飯別開車阿整條路到吃飯時間亂七八糟的，一大堆違停又沒騎樓可以走要嘛就停遠一點，要嘛就走路來吧，不然光交通就會很阿紮價格上佳家沒有特別貴啦，跟我們愛吃的高應大那間比差不多不過鐵板麵５０／豬排９０就真比較便宜一點只是提醒大家，能外帶就外帶吧店裡面的位置真的太擠了，肥宅如我跟一群妹子背對背坐整個超級擠，店家又不提供大型餐巾紙兩桌東西輪流上菜時，我們都一直互相在逃離座位汁都可以噴到後面的人了啦說真的這樣的用餐環境真的很不舒服，吃得很有壓力阿不過這間店也是在地老店了，朋友說他以前吃的時候是蠻好坐的現在大概是因為來客數太多了沒辦法只好大家一起擠一擠後面的妹子們好像也是第一次去吃，整頓飯都在討論佳家哈哈店內提供玉米濃湯跟紅茶（？）免費使用味道很淡，我覺得很普通哈哈哈哈然後我看到有阿伯貌似不小心把碗掉近湯鍋後就沒繼續喝了不過這鐵板我喜歡，很可愛的牛牛造型佳家的份量我覺得還好都是多在麵食的部分，肉其實就正常份量麵食真的太多了，我已經屬於很會吃的大食怪了這份我吃到後面都開始恍神了，一日澱粉超量補充完畢哈哈我弟點的是厚片，感覺上是真的有比較多啦肉質其實還好而已，這類的我個人並不要求肉品要多好醬的部份都是直接淋好黑胡椒醬，不需要的話要先說不過我們第一次去也不知道是這樣哈哈哈哈像我們是比較喜歡自己用，沒到非常喜歡吃滿滿的醬料也是因為這醬真的噴到全身都是ＸＤＤＤ味道上也一般，不會到不好吃，但也沒有小金龍飛出來看著滿滿的人潮，我還是無法理解哈哈哈哈只能說老店的存在一定有他的理由在，只是我還沒辦法去體會到他的好請看噴的整桌子都是，還沒有大紙巾可以阻擋噴上身的慘況我個人還是比較喜歡吃高應大附近的鐵板牛排還有附贈香蒜麵包自行取用，店內空間也較大有冷氣哈哈住附近吃吃沒問題，但就不需要從遠遠的地方特地去吃囉佳家牛排地址： 807高雄市三民區陽明路217號開放時間：　17:00~23:00　星期三休息電話： 07 392 2233--「最完美的謊言，是說的人講一半，聽的人幫他圓另外一半。」--
0,[食記] 大阪心齋橋 Umineko日本精釀啤酒立飲Bar, 1/02,http://www.ptt.cc/bbs/Food/M.1546400881.A.36A.html,   餐廳名稱：Umineko Craft Beer Stand   消費時間：2018年/12月   地址：大阪府大阪市中央区心斎橋筋2丁目2-11   營業時間：17:00–00:00 週三公休   每人平均價位：650   可否刷卡：可   有無包廂：ＮＡ   推薦菜色：啤酒   圖文網誌： https://auntie.tw/umineko-craft-beer-stand/＝＝＝＝＝＝＝＝＝＝＝＝＝＝這次跟家人去大阪玩耍，去了幾家蠻有特色的酒吧，其中一家最令人印象深刻也最推薦的就是這家位於心齋橋商店街附近的“Umineko Craft Beer Stand ”，日本精釀啤酒專賣店，會發現這家啤酒bar是前一天拖著行李要去民宿時看到的，看起來很有氣氛，小小間的，木質裝潢裝潢擺飾都很溫馨，是立飲啤酒Bar!啤酒蠻多款的，而且都可以試喝，店員會一點英文，而且很親切，店內的Caft Beer都是日本當地的釀酒廠生產的，牆上有排名，第一名是大阪產的，不過其實味道還好，其他款反而比較好喝耶！這次點了四款啤酒，有些帶著柚子香氣，有些有水果味，這次點了冬季限定的熱啤酒，裡頭還加了一片萊姆，喝起來偏甜，有點像是柚子茶的味道，第一次喝熱啤酒，很特別耶！其實店裡還有一些配啤酒的小點，像是花生之類，回來上網查資料，看到還有些簡餐類，不過這次沒點。大家晚上如果想喝一點不一樣的啤酒，又不想環境有煙味酒氣的話，這家Umineko Craft Beer Stand 很適合來放鬆喝一杯，小小間很有氣氛又乾淨，超推薦！--                                  01/02 11:48
0,[食記] 墨爾本 有間麵館(GO Noodle House), 1/02,http://www.ptt.cc/bbs/Food/M.1546407866.A.431.html,"   餐廳名稱：有間麵館(GO Noodle House)   消費時間：2019年/1月   地址：195 Exhibition Street, Melbourne, VIC 3000   每人平均價位：AUD$15   可否刷卡：可   推薦菜色：三鮮湯底的各式麵類   圖文好讀版：https://mikeyjiujiu.com/blog/post/20190102012014年發跡於馬來西亞的有間麵館，僅用短短四年時間，便發展成擁有30多家店面的人氣麵館。2017年更創下一年賣出六百萬碗麵的記錄！2018年10月，有間麵館進軍美食雲集的墨爾本，於CBD唐人街開設第一家海外分店。有間麵館的點餐方式是先選擇喜歡的主食，如海鮮、肉類、丸類…等，再選擇麵體，最後則是選擇三鮮湯或秘製辣香湯為湯底。另外也有店家手工製作的板麵及馬來西亞特色菜可供挑選！三鮮湯板麵（Superior Soup Pan Mee） AUD$13.80三鮮湯是有間麵館的招牌湯頭。選用新鮮魚骨熬製而成，味道鮮甜；上桌前加入的花雕酒更是增其風味！手工板麵嚐起來Q彈有勁，佐料的碎肉末、小魚乾、黑木耳、油蔥，看似簡單卻富有層次的口感，是吃完會讓人回味再三的美食！豬牛合并秘製辣香湯米線（Beef & Pork Combo Home Made Spicy Soup Mi Xian） AUD$15.80豬牛合并秘製辣香湯米線的用料實在，除了帶有嚼勁的豬五花肉片及文火慢煮的牛肉片外，更加入店家自製的豬肉丸及牛肉丸；搭配爽滑Q彈的米線，口感上非常豐富！惟偏酸的秘製辣香湯底較不合個人的口味外，仍是一碗十分不錯的麵點。【店名】：有間麵館（GO Noodle House）【地址】：195 Exhibition Street, Melbourne, VIC 3000【推薦指數】：★★★★★★★★☆☆--小麥&鳩鳩的閒話家常Blog：http://mikeyjiujiu.com/blog小麥&鳩鳩的閒話家常粉絲團：https://www.facebook.com/mikeyjiujiu/--                                01/02 13:47"
0,[食記] 北市萬華 老先覺麻辣窯燒鍋, 1/02,http://www.ptt.cc/bbs/Food/M.1546409901.A.661.html,萬華西藏店（二代升級店）台北市萬華區西藏路176號(02)2302-8890周一 ~ 周日 營業時間11:30~21:30內用最後點餐時間:20:40外帶最後點餐時間:21:00價位150~250/人新開幕的老先覺二代店趁著天冷來嘗鮮看看走進店內是大理石紋桌面明亮的感覺因為新開幕 感覺很乾淨舒服我點的是韓式泡菜鍋有酸有辣有夠味老公點的是厚實龍谷濃郁的白湯 單喝很好喝配料比起連鎖的錢X少了滿多CP值可能沒那麼高!但湯頭有9種可選也算是一大特色肉我選左-大眾牛老公選右-雪花牛肉吃起來口感普通大眾牛真的很肥雪花牛吃起來比較剛好但要加費30圓唷!店內白飯 飲料跟冰淇淋無限量供應醬料區也很有特色辣醬跟南乳醬都可以嘗試看看但其實湯頭很有味道醬料比較少有用武之地平常跟著不吃辣的老公所以吃一般的火鍋都無法享受辣來這裡吃一個人一鍋 自己挑自己喜歡的吃起來小巧 但是如果大胃王 吃起來可能就不划算喜歡吃點不一樣的鍋物我覺得湯頭是有用心熬煮東西吃起來也很順口想要簡單吃一頓時 也是不錯的好選擇有圖有真相https://goo.gl/9Z4gs1--
0,[食記] 台中西區 I'm Talato。一起徜徉冰淇淋海~, 1/02,http://www.ptt.cc/bbs/Food/M.1546413112.A.212.html,   餐廳名稱：I'm Talato我是塔拉朵，愛台灣的義式冰淇淋   消費時間：2018/12   地址：台中市西區英才路451號   電話：(04)2305-8908   營業時間：11:30~19:30   每人平均價位：150~250   可否刷卡：可   有無包廂：無   推薦菜色：抹茶冰淇淋、紅心芭樂冰淇淋圖文網誌版：http://happylife698.pixnet.net/blog/post/226783754離開R星咖啡，小綿羊一行人來到勤美與草悟道，一邊散步、一邊尋找續攤的甜點店。【廣編特輯】台中西區 R星咖啡。可愛又夢幻的喵星人餐廳，超浮誇的野餐籃三明治當天豔陽高照，眾人紛紛表示想吃冰品，於是就決定來拜訪這家曾經轟動一時的I'mTalato我是塔拉朵啦~~~這家店其實非常顯眼，門口有著粉紅色的蹺蹺板，以及指標性的粉紅與白色甜筒。挑高的用餐空間約莫可以容納30位客人，內用有用餐時間60分鐘的限制。店內有一半的空間是for網美拍照，其中讓許多人趨之若鶩的莫過於這座冰淇淋池，提醒大家入內要記得脫鞋喔！店家還貼心的設置一個鷹架平台，讓客人可以由上往下空拍，有沒有覺得好像在IG上看過似曾相識的照片呢？是不是很可愛啊(自己講XD)塔拉朵有將近20種口味的冰淇淋，不知從何選起時，不妨到櫃檯前試吃一輪吧~~~Menu除了最基本的冰淇淋甜筒，也有提供多款創意冰淇淋料理與套餐，餐點均沒有額外收取服務費。店內低消每人150元，最簡單的滿足方式就是點一份雙球冰淇淋 (NT. 150)，甜筒是贈送的。喜歡與眾不同的小綿羊選擇了爐烤蜜紅豆地瓜搭配抹茶冰淇淋 (NT. 160)，由於地瓜是現烤，需要等候約莫10分鐘。先來說說烤地瓜，表面有一層脆脆的焦糖，地瓜本身又甜又鬆軟，裡頭居然還包著不少蜜紅豆呢！一旁的冰淇淋選用台灣產的峨嵋抹茶，小小一球讓人意猶未盡。不過，吃完整份甜點有種貌合神離的感覺，是兩款各自獨立的甜點被組裝成盤，少了點融合性。【分項評比】美味度：★★★☆CP值：★★★☆用餐氣氛：★★★☆服務態度：★★★☆小結：年紀大了，逐漸變得不熱衷於拍攝如此具有少女心的照片。對於想吃甜點的朋友，小綿羊覺得有其他更好的選擇；但如果純粹想吃冰淇淋，倒是可以來I'm Talato我是塔拉朵，有蠻多特殊口味可以嚐鮮。--歡迎追蹤小綿羊の樂活日誌~~~Blog：http://happylife698.pixnet.net/blogFacebook：https://www.facebook.com/happylife698/--                                     01/02 15:12
0,[食記] 高雄 Tres Bon 好吃, 1/02,http://www.ptt.cc/bbs/Food/M.1546419618.A.8E3.html,   餐廳名稱：Tres Bon 好吃   消費時間：2018/11   地址：高雄市鼓山區河西一路1445號   電話：0963-066268   營業時間：平日08:30-17:00 假日08:30-15:00 (每月不定休)   每人平均價位：150   可否刷卡：否   有無包廂：無==============================================================================http://pinkmayday0928.pixnet.net/blog/post/465582791願景橋旁的風景總是讓人流連忘返真心覺得這區居住環境真的很優，附近有公園、愛河、美術館愛河兩側是很舒適的休閒空間，有人行道空間也有自行車空間附近豪宅林立，完全不吵雜，環境很清幽Tres Bon 好吃在此落腳，斜對角就是願景橋最近台鐵新增了幾座車站，美術館站就是其中一座車站以往要來這附近必須開車或是搭公車，現在有了美術館站後真的方便許多而且就在熱鬧的青海路上，想來這附近的只要搭火車來即可搭火車來到這後才發現原來也可以搭公車到，而且公車站就在店門口簡潔的環境座位，放了許多乾燥花裝飾窗邊座位絕對是光線最美好的，怎麼拍都很美麗店內使用的麵包、吐司都是自家製很受歡迎的鹽可頌跟吐司都可以事先預定，現場買不一定有喔所以如果想吃的話，記得先打電話預留像我訂位用餐時就先請老闆娘幫我留了吐司跟鹽可頌不想到現場結果賣完我會難過XD義式鮪魚帕瑪森起司麵包(145元)真心覺得這麵包好吃耶帕瑪森起司好香，有點脆脆的口感，麵包吃起來不會乾硬原本以為鮪魚是罐頭的，但沒想到也是老闆娘自己做的難怪比鮪魚罐頭的不油膩，吃起來比較有口感，調味上也比較清淡手撕雞肉手作三明治(135元)這配色實在很鮮豔可口，我有看到另一款養生地瓜三明治也是很繽紛大量的生菜、紫衣甘藍、番茄、洋蔥，加上手撕雞肉另外還加了切塊狀的水果整體熱量不高，且十分健康，手撕雞肉熱量也低這餐很適合減肥的人耶，吃完也不會覺得很邪惡阿~鹽可頌(35元/原味)蠻多人推薦的鹽可頌，也是店家每天限量製作有原味跟乳酪口味的兩款可以選這裡的鹽可頌吃起來是很紮實口感的那種，奶油香氣蠻濃郁的但我個人比較喜歡Miopane那種膨鬆的口感不同的口感各有所愛，tres bon的可頌是好吃的，但不是我愛的那種流淚吐司(110元)這裡的吐司真的很不錯，店內的三明治也是使用自己吐司買回家自己烤過再抹些醬也很好吃或是單吃也是很香，口感鬆軟帶有彈性小評論營養健康又吃的豐富，吃完也是可以蠻飽的很喜歡這裡的三明治，覺得那吐司真的是蠻厲害的生菜吃起來也是新鮮脆口我還蠻喜歡紫衣甘藍的，這對減肥的人是個很好的聖品!!喜歡吃新鮮手作麵包的人，絕對不要錯過這家噢~店家資訊地址：高雄市鼓山區河西一路1445號電話：0963-066268鄰近車站：台鐵美術館站營業時間：平日08:30-17:00 假日08:30-15:00 (每月不定休)網址：https://www.facebook.com/tresbon1445/--
0,[食記] 台中 超越水產火鍋超市 肉多多集團新品牌, 1/02,http://www.ptt.cc/bbs/Food/M.1546421190.A.8BF.html,===================================店名：超越水產火鍋超市地址：台中市南屯區公益路二段128號電話：04-23202499營業時間：11:30-01:30 (收客至00:00)消費時間：108.01===================================圖文網誌版：https://gochi2100.pixnet.net/blog/post/466712504結論是不推。上次來吃隔隔隔壁的海記醬油雞看到的首先裝潢風格有點...俗氣二樓座位四人桌約20桌 一樓也有少量座位等候區有一些玩具像是象棋、疊疊樂可以打發等候時間12/29開幕 我1/1連假晚餐去空桌還很多 完全不用排廁所有個不明所以的備品區梳子 漱口水 除味噴霧可以理解放刮鬍刀、洗面乳、除塵滾輪是.........???點餐方式是一樓兩排冰箱拿取食材放菜籃活海鮮的部分有龍蝦、蛤仔、赤蛤、馬蹄蛤龍蝦目前特價中588元/隻蛤仔100克30元計食材區 一面主要是肉品、魚蝦、火鍋料區另一面是菜跟飲料區每盒食材都有標價結帳後店員會幫你推車到樓梯口妳再自己拿著菜籃上二樓 (這一part我也是有點莫名其妙)醬料區除了最基本的另外有砂糖、腐乳、胡麻、花生粉雖然是鴛鴦鍋設計 但兩邊湯頭是一樣的味道有點微妙一點點淡淡的海鮮+肉汁味絕對稱不上好喝 煮了很多菜之後有好一點點在我們點的11項食材中唯一想推的是蛤仔會問你要用蒸的還是煮的我們用蒸的 會放盤鐵網在鍋子上蛤仔肥美新鮮很甜用煮的應該不會那麼優但這功勞應該算在蛤仔本人身上其他肉品肉質普通偏柴牛豬都是猜測多點一些活海鮮會好很多一人低消300元店名有水產 雖然水產食材不多蛤仔是唯一覺得好吃的如果可以重來 我會點一包王子麵+一盒菜 剩下全部點蛤仔如果你對肉多多個品牌 或 火鍋超市這噱頭有興趣的話可以去如果你是想吃個好吃的火鍋 吃別家吧--彰化台中美食紀錄IG 歡迎追蹤:https://www.instagram.com/feed_pig_eat_eat/--                                01/02 17:27
0,[食記] 台北 李家韓國食堂 道地韓式黑罵罵炸醬麵, 1/02,http://www.ptt.cc/bbs/Food/M.1546424645.A.98B.html,   餐廳名稱：李家韓國食堂   消費時間：2019年/1月   地址：台北市內湖區內湖路一段285號 (西湖市場二樓98號攤位)   營業時間：11:30 ~ 14:00 17:30 ～19:50 六日公休   每人平均價位：120   可否刷卡：NA   有無包廂：NA   推薦菜色：韓式炸醬麵   圖文網誌：https://auntie.tw/lees-korean-kitchen/＝＝＝＝＝＝＝＝＝＝最近一直被韓式炸醬麵燒腦，除了看到韓國綜藝節目在中國的實境秀在賣韓式炸醬麵，前幾天的新聞報導又在報導韓式炸醬麵，好想吃好想吃呀！後來找到一家在西湖市場二樓的韓國料理有賣韓式炸醬麵，趁著下午時間去吃了一下，還出乎意料的道地耶！這家李家韓國食堂就在西湖市場二樓的98號攤位，除了韓式炸醬麵外，還有豆腐鍋、豬肉蓋飯等等，選擇不少，另外還有小菜可以自取，酸甜醃蘿蔔味道還不錯，清爽又脆口。餐點價位大多一百出頭，點鍋類還有附上白飯，份量算不少。韓式炸醬麵 NT.120還附上荷包蛋跟清爽黃瓜絲，味道真的很道地，而且麵條是像在韓國吃到的那種超Q麵條，台灣有些餐廳的韓國炸醬麵是用普通拉麵，口感整個落漆，李家韓國食堂的炸醬麵味道就像在韓國吃到的味道，溫和的炸醬味，很道地，不過如果小黃瓜能再放多一點會更好！辣豬肉豆腐鍋 NT.130口味覺得不夠辣，不過湯頭喝起來很順口，加了很多洋蔥、豆芽、豆腐，配著白飯很開胃，不過味道再重一點會更好，比較起來炸醬麵的味道比較出色！李家韓國食堂的韓式炸醬麵個人超愛，如果你也在找正宗的韓式黑罵罵炸醬麵的話，一定要來這吃吃看呀！順帶一提，最近買到韓國廚師李連福的韓式炸醬泡麵也超好吃，有興趣的人可以試試！--                                         01/02 18:24
0,[食記] 台中甜點 可可庫奇, 1/02,http://www.ptt.cc/bbs/Food/M.1546425128.A.FAA.html,"   餐廳名稱：可可庫奇   消費時間：2018.12.7   地址：台中市台中市北區三民路三段201巷7號   電話：(04)22256568   營業時間：11:00~20:00 (週一公休)   每人平均價位：150元上下   有無包廂：N   推薦菜色：馬卡龍水果塔- - - - -點這裡看可愛的馬卡龍水果塔廬山真面目!https://ujoy.pixnet.net/blog/post/44196464-cococookie- - - - -可可庫奇就在我最愛的灰房子義大利麵還有金帛手製霜淇淋附近!可以在可可庫奇吃完下午茶再去灰房子吃義大利麵晚餐或是去金帛手製吃一支霜淇淋後再去可可庫奇享用下午茶以上，都是我常跑的形成 ；P可可庫奇的店面老實說如果不多留心的話很容易就路過了(我也是陰錯陽差注意到的，誰知道一吃成主顧:P )簡白的店面透過玻璃窗清晰可見乾燥花與這間店有緊密的連結果不其然，可可庫奇除了美味甜點之外也有販售乾燥花束看來老闆娘是一個充滿少女心的人呀!可可庫奇室內空間分為點餐區和用餐區兩個完全獨立空間雖然空間都不大，但是五臟六腑具全你可以先到點餐區的冰櫃裡一覽今日哪些甜點正在等待你的青睞之前造訪的時後，可可庫奇的甜點多以塔類為主和許多有名的甜點店、大品牌相比我覺得可可庫奇的水果塔絲毫不遜色但是價格相對親民許多 ( 所以怎麼能不推薦! )我身邊生為檸檬塔重度患者的朋友也是對可可庫奇的檸檬塔讚賞有加檸檬塔雖在眾多塔類當中貌似相對樸實但是卻是很能見真章一家店個性的甜點呀!可可庫奇的檸檬塔不會太甜也不會太酸我目前觀察起來身邊各種口味的人的接受度都很高!先來跟大家介紹可可庫奇的消費方式在可可庫奇這裡內用的話有A(150元)、B(180元)兩種內用組合優惠你可以選擇100元甜點再搭配一杯飲料不加價款的選擇有招牌水果塔和法式千層(口味以現場為主唷)也可補差價更換成別口甜點兩種組合的差別則差在飲料的選擇所以，一杯飲料加一個甜點如果不挑到加價款的話消費起來只要兩百元有找耶( 這個價格是否佛心到不行! )點完餐之後就可以到隔壁的用餐區找座位囉!很奧妙的是，要前往可可庫奇的用餐區之前你必須先走出點餐區的門口再繞到隔壁比防火巷略寬的空間不過不用擔心，我們不用再跑來跑去取餐店員會直接上我們送上桌的!可可庫奇的用餐區雖小但是細緻度卻絲毫不馬虎滿地的花磚與色調一致的坐墊呼應出和諧視覺餐桌椅使用的是適合擺放在庭院、戶外的那種木製桌椅舉頭，則可看見垂吊著的乾燥花點綴米白壁面默默有種來到托斯卡尼並期待著艷陽的感覺在用餐區入口處的右側也提供了乾燥花束、花圈給來客拍照!雖然可可庫奇空間不大卻是會讓你想要不停的按快門捕捉各種巧思呢了解完環境之後就來看我們今天的餐點吧!我先前造訪的時候都是點水果塔私心特別喜歡有哈密瓜球的法式水果塔─哈密瓜波堤 (120元)我喜歡可可庫奇的塔的原因是它的塔皮不會太過乾硬而難切斷和咀嚼喜歡他微微濕潤但不過度潮濕的口感然後搭配微酸的藍莓檸檬餡，真的是太招喚唾液了然後這次造訪看見了先前從未見過的新產品造型馬卡龍水果塔(140元)當然是必須吃一下!這顆馬卡龍水果塔大小接近三吋我們今天遇到的造型是柴犬和麋鹿維尼水果塔的部份則是草莓和藍莓兩種口味( 冬天到了就是要把草莓吃起來 )可可庫奇的馬卡龍也很好吃酥酥的外層包裹著黏牙柔軟的內裡#就是這富有層次的口感讓馬卡龍這甜點如此迷人比起一般馬卡龍的尺寸這一片馬卡龍的大小品嘗起來爽感相對的就高很多XD朋友點的草莓水果塔的草莓之間有著卡士達醬來填補草莓間的空隙我私心最愛吃草莓的時候加煉乳了草莓和奶香就是絕配!而這組合的完美搭配也在這水果塔中得到的驗證我點的則是藍莓塔因為聖誕節近了，所以我的馬卡龍維尼還戴起了鹿角酸度適中的藍莓則像維尼的項鍊一般環繞著馬卡龍水果塔看似簡單，從斷面來看便可知曉它可也是真工夫光是內部結構就可以看到三種內餡的存在!酸酸甜甜的內餡融化在舌頭上頭更有滑順奶香的卡士達醬讓這一切顯得更為順口/以上，就是我再度造訪可可庫奇的心得囉這肯定不會是最後一次啦!!我實在太喜歡它平價到不行的甜點還有很有氛圍的用餐環境推薦給大家!並祝大家用餐愉快[ U JOY的心中評分 ]美食是個人感受和行為喔!可可庫奇(沒有星:喔我恨透你了。★:還有""很大""的進步空間。★★: 請在改進唷。★★★: 普普，沒有太強烈的感覺。★★★★:我喜歡!。★★★★★:你棒棒!!!!!!!)菜色美味★★★★☆服務品質★★★☆☆環境氣氛★★★☆☆回訪意願★★★★☆--                                 01/02 18:36"
0,[廣宣] enchantee樂朗奇法式手工喜餅_絕美的禮盒, 1/02,http://www.ptt.cc/bbs/Food/M.1546426731.A.28C.html,"     店名：enchantee 樂朗奇法式手工喜餅     地址：台北市內湖區瑞光路358巷30弄15號4樓(吉達國際科技大樓)     電話：(02)8751-9005     試吃日期：2018.12.11圖文版Blog:https://goo.gl/Quu1Em喜歡我的文字及照片，歡迎加入臉書及IG:)FB：https://www.facebook.com/JourneytoDelicacies/IG：https://www.instagram.com/sarah_hsiao/""愛情恰如其分的酸甜滋味，就是如此令人著迷""enchantée在法文裡有初次見面、有吸引力的的意思作為一個品牌的命名，我覺得這名字取的真好正如一段戀愛關係，從第一次見面到深深為你著迷，結婚典禮上也要與大家分享這過程中的酸甜苦辣enchantée樂朗奇旅法的甜點主廚，以創意且不失經典的精神注入法式手工甜點搭配精緻華麗的禮盒，為新人打造一場浪漫的法式甜點饗宴樂朗奇目前在內湖有一間showroom，採預約制粉色的裝潢及大面的採光，讓人一踏進店裡就彷彿已經沈浸在戀愛的酸甜滋味依照當日廚房備料，一次試吃體驗會吃到十種餅乾、糕點，搭配茶飲看起來份量很多，但兩人分食一邊聽專員細心解說每一款甜品的特色，其實一下就吃完了XD""藍莓馬卡龍""有著淡淡的杏仁香氣，用藍莓醬代替鮮奶油，味道上更鮮明，外皮也很酥脆""香草抹茶沙布蕾""，沙布蕾在法文裡是沙的意思，口感有如細沙般鬆軟製作過程只要奶油切丁切得稍微大塊一點便無法做出這樣的質地，工法上力求精準使用濃郁的宇治抹茶粉，很明顯能嚐到抹茶的微苦，搭配滾邊的珍珠糖，層次上很豐富""布列塔尼酥餅""和沙布蕾一樣，都是法國的經典點心口感酥鬆有點類似千層的口感，帶鹹味的奶香我很喜歡專員說裡面其實還加了檸檬刨絲，無形中減去了酥餅本身奶油的膩度""皇家伯爵茶圓餅""用了twinings的茶粉製作，淡淡的佛手柑芬芳風味獨特""洋蔥番茄鹹餅乾""是我相當喜歡也一定會選進禮盒的一款用了洋蔥粉及胡椒粒，味道相當濃郁，帶點微微的辣度，還吃得到風乾番茄切丁""巧克力杏仁餅乾""用了70%的苦甜巧克力，以及杏仁脆片，口感及味道我都很喜歡通常一盒喜餅除了講求美味以外，層次的豐富度也很重要喜餅會搭配喜糖或其他蛋糕類的甜點，我很開心樂朗奇有""蜂蜜堅果塔""這個選項香濃焦糖層層裹上五種堅果-杏仁、核桃、南瓜子、腰果、夏威夷豆，好滿足""小巴黎香蕉核桃磅蛋糕""口感扎實又綿密，香蕉搗泥帶來濃郁的香蕉味，核桃則增加了爽脆的口感""檸檬香草瑪德蓮""是經典的法式小點，此用全蛋製作所以口感上比磅蛋糕更扎實新鮮的檸檬汁以及檸檬刨絲散發檸檬酸香，喜愛甜中帶酸的人不要錯過""巧克力費南雪""外酥內軟，口感上比瑪德蓮來的濕軟些，焦香奶油散發著可可的香氣右圖中的三個是新品，分別是""焦糖杏仁圓餅""、""巧克力鹽之花""、""喬治藍莓圓派""其中我最喜歡巧克力鹽之花，巧克力味相當濃，加上法國海鹽的點綴更能提出可可的甜，甜甜鹹鹹的好好吃焦糖杏仁圓餅看似簡單卻是一款有學問的手工餅乾，酥脆的口感中帶著杏仁烘烤後的香氣，越嚼越香令人驚異的是竟然吃得到焦糖顆粒，層層堆疊出的豐富食感相當講究喬治藍莓圓派是副廚喬治先生的發明，以派皮去做成，吃起來也是派的口感下層是酥脆派皮，中間是藍莓內餡，相當特別一開始與品牌接洽時，我便注意到樂朗奇的logo設計，像是個因為愛情而搖曳裙擺的快樂女孩形象，同時裙擺造型又很像經典法式小點瑪德蓮的紋路當天聽專員解說，才知道設計公司有得過紅點設計獎，禮盒包裝也是委託同一家公司四種禮盒都很有自己的特色巧思，搭配的提袋也都不一樣，各有各的特色所在Premium頂級禮盒-總共有三色-威尼斯紅、優雅湛藍、度假果綠，其中粉紅色的""綴光彤粉""是最近推出的限量款式搭配不同色系的外盒及緞帶，呈現出更有層次的高級感我個人很喜歡硬殼的紙盒，喜餅吃完後還可以留下來當作收納盒，也很美觀緞帶也是一個我覺得喜餅一定要有的元素，不只典雅好看，收到喜餅的人也會有種拆禮物的感覺Blossom系列禮盒是新推出的款式，目前就深緋一個顏色深緋，由明亮的粉紅開場，盛開的花朵代表著新娘的活力採抽屜式設計，一拉開禮盒內容物一目瞭然Classic經典禮盒的圖案設計是我最喜歡的以餅乾盅為主題，滑開腰封的同時也好像掀開餅乾盅，被咬了一的餅乾呈現在眼前，好可愛此款禮盒為雙層設計，側邊也很講究細節美觀，看起來也很有份量感服務到不是住在台北，無法親自前來試吃品嚐的新人們，樂朗奇也有小型的試吃禮盒雖然小巧，從外包裝到內裡卻一點也不馬虎，內含五個品項，當作婚禮當天送給新秘、攝影也很適合本文與enchantee合作，內文為真實感受【enchantee樂朗奇法式手工喜餅】台北市內湖區瑞光路358巷30弄15號4樓(吉達國際科技大樓)(02)8751-9005週一～週日 11:00～20:00--"
0,[請益] 求年假宜蘭私廚推薦, 1/02,http://www.ptt.cc/bbs/Food/M.1546427119.A.E37.html,1.想找的餐飲類別中西式皆可有櫻桃鴨爲佳2.用餐地區宜蘭3.每人預算 新台幣每人$ 2000元4.用餐時段午餐5.用餐人數（選填）    6人6. 搜尋網路及板面文章後拿不定主意的候選店家享居日光私廚7.特殊需求年假全家會去宜蘭玩三天兩夜想找一間到兩間私廚好好享用早餐晚餐在飯店內享用所以是找午餐為主再請求各位大大幫忙了感謝大家--
0,[食記] 桃園中壢｜【坐著做】握壽司無菜單日本料理, 1/02,http://www.ptt.cc/bbs/Food/M.1546429748.A.75D.html,"圖文網誌建議閱讀版：https://listentolu.com/2019/01/zuozhezuosushi/有發漏我們部落格的吃貨好捧油，肯定對四月這篇食記代表作不陌生什？麼！如果你還沒看過，快先點連結底下文章複習再回來（推桃園中壢美食｜巷子內的超人氣預約制-無菜單日本料理。【坐著做すし握壽司】在那之後，小粉絲我還是一直被坐著做的小編天天生火師傅獻肉的畫面一直在腦海裡浮現（像這樣#心內小天使強烈表示想退追蹤救荷包www終於終於，在聖誕節前夕有兩個12月壽星的丹尼家，不做他想就決定帶家人們到這裡慶生了而【坐著做すし握壽司】沒讓眾人期待落空孝子漏氣哈哈哈全場一致的讚不絕口，還沒吃完又想著下次何時再來實在有夠可怕（喂能讓人二訪還寫了滿滿一篇心得的餐廳，無條件是真愛啊！二訪日期：2018/12我們這天坐進了約可容納6-7人的小包廂大家一致都是$980的套餐不過自2019/1/1起，坐著做調整了套餐價位由原先的$980/1580/2180更新如下每位 $1080/1680/2280/神秘價位不收服務費並開放刷卡【坐著做すし握壽司】的食材一半選用日本產地空運一半是台灣漁港當日直送，多是宜蘭大溪和基隆崁仔頂漁港的漁獲師傅也會依照時令季節的變化調整菜式像這次12月的再訪與4月時的紀錄便重複了幾道料理倘若你是常常報到但想要來點不一樣的饕客也是可以先把特殊需求告訴服務人員的哦！〔漬物〕柚子蘿蔔/甜薑片&現磨芥末砂糖/醋/味醂的組合，明明只是經過簡單調味的「柚子蘿蔔」但醃漬完成的風味非常爽口，讓人就算單吃也想一口接一口實在是太好奇師傅的黃金比例了！！！#覺得可以開放購買我要+10哈哈哈〔開胃菜〕毛豆同樣的每人面前都有一疊毛豆解解饞今天長輩點了帶點檸檬風味的【柚子酒】$200，而師父很貼心的招待了壽星【洛神花釀】〔大根燉煮〕前菜由冷食沙拉貼心的改為熱呼呼的前湯暖身暖心正對時節的台灣蘿蔔非常鮮甜，來上一碗還不滿足的話可以續湯喔！#師傅你不早說我想再來兩碗啊〔白毛握壽司〕師傅邊閒聊邊介紹第一道料理使用的魚種-白毛主食是藻類，肉質細緻而富有彈性使用比較清淡的調味,搭配水果醋和海葡萄保留了魚肉本身的鮮美〔炙燒北海道干貝〕同樣的北海道生食級干貝與上回相同的炙燒做法，撒上了提味的柚子金桔粉末這次師傅加上繁複刀工將干貝扒上「舍利」中間還介紹了我們一個日料小知識哈哈「舍利」=握壽司底下的「醋飯」下回到料亭能聽得懂舍利，就代表你也是日料小專家了啊！（拍手〔菠菜蒸蛋〕重複菜色之一的菠菜蒸蛋我想或許是因為很具代表性才沒有更動此道料理不過下次如果有機會再訪，私心期待會有不一樣的驚喜欸〔紅魽佐柚子胡椒〕軟中帶Ｑ的紅魽生魚片與九州名物「柚子胡椒」的不敗搭配師傅邊與我們閒聊的這時突然想起了什麼，請丹尼幫忙轉身向後方的櫥櫃拿出了這咖看起來很厲害的黑盤並向我們簡介「漆器」這項日本傳統的高級工藝如鏡子的光澤能聚焦呈現日本料理的精細實際上視覺效果著實比原先的陶盤來得更好了吼！〔鹽烤玉米筍〕現烤的新鮮玉米筍只要撒上些許鹽提味就完成的簡單料理師傅建議大家連同玉米鬚一起吃，其實口感細嫩鮮甜很Juicy還有消水腫、降血脂、血壓、血糖的保健功效好處多多哦～（玉米推廣代表〔胭脂蝦佐炙燒匈牙利鴨肝〕緊接著師傅又拿出工具馬不停蹄的準備下一道料理有別於上回讓人魂牽夢縈的〔甜蝦馬糞海膽雙拼〕這道食材組合同樣也是丹尼跟我心票選的第一名！鮮甜的胭脂蝦放上經過炙燒正散發著致命香氣的鴨肝帶點蔥花一大口入嘴咀嚼，蝦肉細緻的甜味與綿密鴨肝是100分伴侶實在太~好~吃~啦！！！（又邊寫邊吞口水的我〔白旗魚佐紫蘇鹽〕這道料理必須說幸好丹尼有照片紀錄，否則真的會忘記它的存在哈哈因為我還沉浸在胭脂蝦與鴨肝的小當家劇場裡啊~~~#就是生魚片的味道〔鮪魚泥握壽司〕這個鮪魚泥也是當日現流處理有別於一整片的生魚片，泥狀的鮪魚握壽司口感不太相同但也很好吃呢~〔炙燒比目魚鰭邊肉〕哦哦哦~又是上回有吃到的〔炙燒比目魚鰭邊肉〕請容我為它repeat一次愛的感想光欣賞師傅的料理過程，鰭邊肉油脂融化的樣子就已經很犯規不只視覺享受要給它高分，這次則使用了海苔裹住蘿蔔泥和蔥花著實地入口即化又齒頰留香吶！（阿嘶〔麵包蟹〕吃到一半師傅轉身走進廚房，端出了這一大盤待會要變成我們盤中飧的蟹蟹們看盤子比例尺就知道size有多驚人！#本蟹真的又大又重再端上餐桌便是這個模樣，這天的麵包蟹個個都帶著飽滿蟹黃但蟹肉就沒有沙公沙母來得多了後頭廚房很貼心地都將硬殼先處理過，所以算是容易入口〔絹羽二重黑胡麻麵〕有著鮮豔配色的主食-黑胡麻麵師傅介紹是採用了大阪名物「絹羽二重黑胡麻醬」搭配米香、蛋酥、和蔥花紅黑白綠黃讓人還沒開動就留下強烈的視覺印象攪拌麵條還散發著熱氣，趁這時呼嚕嚕一大口麻醬麵因為有了米香顆粒而有了不一樣的食感濃郁美味無誤，只是吃完一整碗需要喝杯茶和點心解解膩〔現做玉子燒〕私心很喜歡【坐著做すし握壽司】的玉子燒或許是都剛好都接在比較重口味的料理後頭，以致覺得特別好吃？！〔湯品-牛奶貝〕簡單的蔥花加薑絲調味就好喝的大蛤湯牛奶貝的特色是湯汁會和牛奶一樣呈乳白色哦！〔甜品〕這次的冬季甜品更讓我們驚艷，自己吃完一碗還想追加的程度使用梅酒凍＋甜菜根凍再搭上冬天的代表水果-草莓，上頭的配色點綴是食用菊花幾樣有酸有甜但平時不會兜在一起的食材組合，竟然神奇地完全match！#留下我心內的起立鼓掌作為這一餐的美好ending每回到【坐著做すし握壽司】除了欣賞師傅的手路技巧都還能感受到他們對日本料理的熱情與理想，吸收滿滿正能量哈哈哈師傅在席間知無不言而言無不盡，除了日料解惑也和我們分享了各路巷子內的美食必須說吃肥的路上不孤單，這趟又收穫好多師傅的口袋清單啊！#吃貨的呷賀道相報此外，坐著做居然在2018/8推出了平價版的握壽司分店【坐著做。初陣壽司】小粉絲已經筆記加重點畫線，相信我們很快就會見XDD【坐著做すし握壽司】地址︰320桃園市中壢區愛國路60巷15弄4號電話︰0989 025 064，每月15號開放下個月訂位營業時間︰11:45-14:30, 17:30-22:00臉書粉絲團︰【請點我】停車資訊︰壽司店對面有停車場(無特約，一小時$30)價位：$1080/1680/2280/神秘套餐/人不收服務費，可刷卡更多桃園好吃好拍：桃園．藝文特區｜【南木町 割烹料理】職人手藝與滿分創意的結合。預約制無菜單日本料理桃園大溪｜近郊美拍輕旅行。【法鼓山-古齋明寺】【賴祖傳豆花】&龍潭【大平紅橋】桃園不限時咖啡館｜【喵日子 CAFÉ】貓咪主題餐廳。可愛到融化的貓奴天堂桃園不限時咖啡館│燊咖啡三號店【三火木咖啡企業社】。幸福路上的迷人香氣桃園大溪景點│【GOGOBOX餐車誌 IN樂灣基地】。來場美式陽光偽野餐吧！桃園大溪景點│台灣農林【大溪老茶廠】再現百年風華。茶香滿室。沏一壺閑情想同步收看LU偶爾文藝但常常瘋癲的文字以及丹尼不時爆發男友力視角之美圖好景請按讚追蹤+設定「搶先看」臉書粉絲團isten to LU 旅食光更多零時差的即時更新在IGisten to LU快調整頻率一起出發，來場歡樂又美好的影像旅行吧--                                      01/02 19:49"
0,[食記] 台南 善化 呷知味 蘑菇、黑胡椒醬黑輪, 1/02,http://www.ptt.cc/bbs/Food/M.1546432590.A.492.html,   餐廳名稱：呷知味 特醬黑輪   消費時間：2018年/12月   地址：台南市善化區中山路357號   電話：0981161987   營業時間：10:00~17:00圖文詳細版：https://ikachalife.com/35326--去年寫過六甲黑輪伯文章後，就有人推薦善化有一間呷知味，也能吃到蘑菇、黑胡椒醬黑輪，聽說不少南科公司也常買這個當下午茶。只有賣甜不辣、米血和黑輪三種～特色就是有兩種醬可以選，蘑菇和黑胡椒醬。老闆娘現點現炸～ 炸完再泡一下你選的醬。看不少人都是外帶回家吃，我們這天全家到善化採草莓完跑來吃，老闆娘還喬桌子給我們，不小心就點了一大桌 ＸＤ老闆娘幫我們分開兩種醬，黑胡椒醬的顏色深一點。米血米血蠻大一塊，厚度超厚實，炸的很酥脆，咬下去口感很棒！黑輪、甜不辣甜不辣一片10元比較貴一點，黑輪一支十元就一般價格。這兩樣的口感口味也不錯，不過最加分的還是兩種很香的特醬！小朋友吃蘑菇醬吃得很開心，大人則是一致很愛黑胡椒醬，敢吃辣的朋友一定要點黑胡椒口味！十元黑輪是很多台南人最愛的銅板美食，加上蘑菇、黑胡椒醬真的別有一番風味，有興趣可以到善化、六甲試試囉！--OldFather & Shan 用快門記錄著生活https://www.facebook.com/OldFatherBlog--                                     01/02 20:36
0,[食記] 宜蘭市區—涼心冰店（黑店冰店）｜銅板價的香濃古早味綿綿冰, 1/02,http://www.ptt.cc/bbs/Food/M.1546432893.A.373.html,作者: shinyban (甩尼班) 看板: I-Lan標題: [食記] 宜蘭市區—涼心冰店｜銅板價的香濃古早味綿綿冰時間: Wed Jan  2 19:14:17 2019   餐廳名稱：涼心冰店   消費時間：2018/12   地址：宜蘭縣宜蘭市神農路二段63號   電話：03-932-9382   營業時間：11:00-22:00（周六營業時間至22:30）　　[*BLOG：http://shinyban.pixnet.net/blog/post/466604099 ]剉冰、雪花冰、甜筒、冰棒、冰淇淋……各式各樣的冰品隨著時代潮流因應而生對我來說，童年回憶的冰品大概只有叭噗、枝仔冰跟綿綿冰從遠到近的巷口叭噗聲、握著銅板買的枝仔冰，不知不覺隨著歲月的增長已不復見儘管現在還是有店家販售這些古早味冰品，但總覺得好像還是少了些什麼--「涼心冰店」簡單又低調，隱身在鬧區的巷弄中離新月廣場僅需步行兩分鐘，但尋找店家可能會需要再花上幾分鐘不是招牌不顯眼，而是根本沒有招牌，我是靠著地址對門牌號碼才找到隱身在一家甘蔗汁的後頭，很容易錯過的不起眼從店外望進，僅有幾張桌椅擺放在騎樓，以及店面最深處牆面的菜單，如此而已「涼心冰店」僅販售五種口味的綿綿冰，口味都很傳統，沒有太花俏的食材----▲花生冰+牛奶冰（任選兩種） $40/杯一杯可以有兩種口味，猶豫不決的我，就請店家推薦最受歡迎的兩種，分別是花生跟牛奶盛裝冰品時，就看到店家不停使勁地壓，好讓綿綿冰更為扎實，然後再添上更多的冰一杯冰只要$40，還這麼大氣，真是替老闆捏把冷汗，根本是良心事業啊！以份量來說，兩個人分食是剛剛好的口感吃起來綿密又扎實，口味更是香濃到不行，非常對我的胃--非常推薦夏天到宜蘭遊玩時，來「涼心冰店」吃上一杯古早味綿綿冰冬季好像會店休，但我沒查到時間，所以建議要前往的人要和店家確認一下避免向隅另外店家也有提供宅配服務，不過冷凍宅配費用價格稍高，可以團購分攤運費比較划算總而言之，這樣的好店家，真的要讓更多人知道，用行動去支持他們，給他們鼓勵下次到宜蘭遊玩時，打算再去吃吃另外三種口味的綿綿冰，希望店家不會漲價太多阿~--                                       01/02 20:50
0,[食記] 嘉義阿里山 奮起湖便當 戰斧軟燒肉雙主菜, 1/02,http://www.ptt.cc/bbs/Food/M.1546433783.A.852.html,    餐廳名稱：奮起湖大飯店    消費時間：107年11月    地址：嘉義縣竹崎鄉中和村奮起湖178之1號    電話：05-2561888    每人平均價位：NT180元    營業時間：便當每天11:00開賣，售完為止    推薦菜色：奮起湖便當 戰斧軟燒肉    官網：https://www.fenchihu.com.tw/圖文好讀版http://jay7134.pixnet.net/blog/post/226533320「奮起湖便當」大概是台灣知名度最高的鐵路便當了，也是來阿里山必吃的美食之一，其中最有名的便當店就屬曾與7-11合作販售御便當的奮起湖大飯店，2017年底奮起湖便當加入「戰斧軟燒肉」升級成雙主菜規格，我覺得非常好吃耶～奮起湖大飯店位在老街口，從奮起湖車站走過來不遠，買了便當即可在飯店大廳旁用餐，這邊還提供簡單熱湯讓你搭配便當吃。升級成雙主菜的新奮起湖便當，除了經典滷雞腿，再加入肉質口感極好的戰斧豬排，選用豬的肩胛上部，一頭豬只能做16份便當，好食材當然也反映在價格上，升級版的奮起豪便當 180元。珍貴的老照片反映出當年奮起湖在阿里山鐵道擔任重要的補給站，從嘉義開上山的火車，抵達奮起湖時差不多是中午用餐時間，強烈的旅客用餐需求，也讓奮起湖便當成為地標型美食。新版的奮起湖便當份量依然很大，胃口小的女生甚至兩人吃一盒也行。雞腿與戰斧豬排、多種配菜、滷蛋把整個便當塞滿滿。米飯則選用台東關山皇帝米，品質完全不輸日本米飯。油亮亮的戰斧豬排以糖、醬油、蒜頭簡單三元素，經過長時間滷製而成，醬汁相當入味，肉質軟嫩不老，相當好吃。團客或多人用餐如果想吃得更豐盛，奮起湖大飯店還提供幾道屬於阿里山的在地菜餚，你可以點來搭配著便當吃。像是這道山葵豆腐就非常受歡迎，使用阿里山產的山葵磨成泥，香而不嗆，與軟Q豆腐一起吃正好。好下飯的醬燒筍子。好喜歡山上的高麗菜，簡單炒過後相當清甜好吃。超級好喝的雞湯，三兩下大家就把湯喝光光了，雞肉也不錯吃喔。以前也來過奮起湖幾次，但都沒吃過奮起湖便當，沒想到原來奮起湖便當這麼好吃，跟我常吃的台鐵排骨便當差好多。如果你來奮起湖玩，請務必試試很對味又極具在地特色的奮起湖便當喔！--自助旅行、飛行、美食 努力累積世界足跡http://jay7134.pixnet.net/blog--
0,[食記] 新竹竹北。Kurashi 暮らし。古早味早餐~, 1/02,http://www.ptt.cc/bbs/Food/M.1546435047.A.F0A.html,┌──────✩─────────────────✩────────────┐✡店家資訊：新竹竹北。Kurashi 暮らし。古早味有新意，阿嬤鹹粥、粉漿蛋餅好滋味│└───────✩───────────────✩─────────────┘   消費時間：2018.8   地址：新竹縣竹北市嘉興路284號   電話：(03) 668 - 3239   上菜時間：06:45 ~ 12:00 (每週一、週二公休)   價位範圍(每人)：$50~$80 (內用低銷$50/人)   官網：無┌──────────┐✡ 圖多多有廢話網誌版 │└──────────┘  http://bit.ly/2EVGq4O┌───────┐✡ BBS文字簡略版│└───────┘終於有機會一個人吃早餐了，選定了很熱門的竹北早餐Kurashi 暮らし。Kurashi 暮らし位於竹北喜來登飯店附近，不大的店面卻滿是濃濃的復古風情。店門口有個很可愛的公車站牌，而點餐的窗口也相當的可愛，處處的擺設都充滿了小巧思，也很適合打卡拍照的取景。Kurashi 暮らし要帶孩子來內用是相當不容易，裡面的座位是一張長吧檯桌和一張雙人桌，大家都是肩併著肩一起吃早餐的~Kurashi 暮らし主要有古早為粉漿蛋餅和阿嬤鹹粥，光是古早味蛋餅就有許多口味，除了常見的鮪魚和起司外，還有比較特別的口味，像是油條、煙燻燒鴨或是麻辣臭豆腐的口味，讓人很想都來一份試看看。阿嬤鹹粥 + 酒香豆腐乳這裡的鹹粥料很多，有香菇、絲瓜、紅蘿蔔、蝦米等等，還有不能少的芹菜末和油條。鹹粥有餡料的鹹香，調味不重，當早餐吃醒胃卻不油膩。我不習慣吃白粥，但是加了料的鹹粥卻是愛得不得了，早上來一碗很暖胃又滿足。阿嬤鹹粥可以加點的配料荷包蛋、肉鬆、豆棗、油花生和酒香豆腐乳，都是吃粥時的必備菜色，我點了一塊酒香豆腐乳，釀造過的豆香，一口一口接連就吃光了。古早味醬油蛋餅這裡的蛋餅特色就是粉漿蛋餅，用粉漿下去煎出酥酥又脆脆的古早味蛋餅，外皮煎的脆脆，吃起來卻是濕潤多於酥脆的口感，沾一點附上的蔥醬油，鹹香更提出蛋餅的簡單滋味，很喜歡這種口感的蛋餅。豆漿紅茶豆漿紅茶是已經先裝好的了，喝起來微微冰，有古早味紅茶香。我自己很喜歡這種脆脆的古早味粉漿蛋餅，太喜歡了後來還外帶了泡菜起司臭豆腐和媽媽燒肉蛋餅。泡菜起司臭豆腐多彭湃的一份蛋餅，塞了泡菜、起司和臭豆腐，料多又豐盛，臭豆腐本身就又一點辣度，加入泡菜後是較辣一點的蛋餅，起司則是在這當中滋潤讓味道更滑潤。因為加入了泡菜和起司，讓這份蛋餅呈現比較濕潤的口感。早餐若想要清爽一點的可以選擇其他款，但是當中餐是不錯的選擇。媽媽燒肉蛋餅醃製過的燒肉已經有鹹香入味，咬起來不韌帶著口感，推薦給早餐一定要吃肉的朋友們。Kurashi 暮らし用古早味的阿嬤鹹粥和粉漿蛋餅和一般的早餐市場做出區隔，吃過後很喜歡這裡的鹹粥和粉漿蛋餅，推薦給想試試這種粉漿蛋餅的大家。早餐別具特色，所以也是常常充滿了排隊和用餐人潮，建議大家外帶可以利用電話點餐，節省等待的時間。--                                       01/02 21:18
0,[食記] 台南-蒜頭飯, 1/02,http://www.ptt.cc/bbs/Food/M.1546435729.A.9D2.html,【台南歸仁區美食推薦】蒜頭販!!懷舊的古早味，長榮大學校園美食，蒜頭飯55元，簡單平價美味，排隊&美食食記分享-蒜頭販圖文網誌版:http://smith1113422.pixnet.net/blog/post/466700966--------------------------------------------------店家地址:台南市歸仁區長榮路一段279號用餐日期:2018/12店家電話:06-278-2352營業時間:AM:09:00~PM:20:00店家公休:週日商品價格:炸雞腿蒜頭飯 55元炸排骨蒜頭飯 50元蒜頭飯 35元蛋花湯 15元油條湯 20元豆輪 5元油豆腐 5元PS:經濟實惠!!!今天要介紹的是長榮大學的校園美食長榮大學位於沙崙線上因為大學城的關係周邊匯聚了不少的美食包含了 雞排 鹽酥雞 牛排 早午餐等等其中最特別的就是這間 蒜頭飯蒜頭飯其實早在大學期間就有品嚐過且寫文蒜頭飯 2012這次算是舊地重遊蒜頭飯店內擺設完全沒改變時間完全停留在七年前菜單也沒太大的改變唯一改變的是價格調升了調升十到二十元不等不過依舊是CP值超高https://pic.pimg.tw/smith1113422/1546321294-1184876896_n.jpghttps://pic.pimg.tw/smith1113422/1546321292-4227961570_n.jpghttps://pic.pimg.tw/smith1113422/1546321276-225288908_n.jpg炸雞腿蒜頭飯 55元蒜頭飯做法是白飯加入熟蒜頭下去拌炒再添加醬汁使其有醬色蒜味不明顯吃起來是淡淡的蒜味配上的是自製酸菜 麵輪 酥炸雞腿雞腿外酥內嫩吃起來非常的鮮嫩https://pic.pimg.tw/smith1113422/1546321292-3990192260_n.jpg炸排骨蒜頭飯 50元醃製過後的排骨經過高溫酥炸後保留了肉汁傳統的古早味蛋花湯 15元油條湯 20元高湯佐油條豆輪 5元油豆腐 5元鹵的非常透徹吸飽了魯汁大家有興趣可以參考一下喜歡的朋友歡迎來試試看----------------------------------------------------------------------------大家好~我是成大美食版的版主也是一個美食部落客想知道哪裡有好吃的好玩的~~~請加入我的粉絲團我會不定時的分享我寫的美食文章給大家 https://www.facebook.com/WengXiaoWeng/?ref=bookmarks--
0,[食記] 台中寵物友善餐廳|chef主廚義式餐廳 柴犬, 1/02,http://www.ptt.cc/bbs/Food/M.1546435752.A.822.html,   餐廳名稱：chef主廚義式餐廳   消費時間：2018年/3月   地址：406台中市北屯區北平路三段144號   電話：(04)2236-2489   營業時間：11:00-20:30(週二公休)   每人平均價位：200元   圖文好讀：http://suni.tw/chef/這次來到台中的寵物友善餐廳Chef主廚義式，店狗是超萌的三歲柴犬(赤柴)，chef主廚義式餐廳顛覆以我對寵物餐廳的偏見，除了有可愛的柴犬，店家也對Chef訓練有佳，所以也有許多親子客人，這裡也提供好吃的義式餐點，真的非常推薦，以下分享chef主廚義式餐廳的交通停車、菜單menu、美食餐點給大家。位在北平路三段上的chef主廚義式餐廳，附近有一整排知名的餐廳，像是凱恩斯岩燒、小蒙牛頂級麻辣養生鍋、赤鬼炙燒牛排、…等，高價位中價位都有提供，算是非常熱鬧的地方。▼一進門就看到各種表情的柴犬玩偶，玩偶有大有小、圍著不同不同色系的領巾。個空間都擺滿有關柴犬的東西，照片、擺飾，是一個非常可愛溫馨的小店，雖然是狹長的空間，不過挑高的空間，使得整體不會感受到太擁擠，還滿舒適的。套餐B 五選三(牛奶吐司麵包、沙拉、湯品、甜點、飲料) 80元♦牛奶吐司麵包：香蒜、花生、草莓、巧克力，烤過的吐司去，切成四小塊。♦沙拉：有和風醬和凱撒醬，這兩種口味♦湯品：有三種湯品，分別是奶油玉米濃湯、南瓜濃湯、蕃茄蔬菜清湯，今天我們選擇的是奶油玉米濃湯，濃湯本身比較濃郁，♦甜點：有麻糬冰、焦糖布丁、芝麻奶酪、香草冰淇淋，這四種可以選擇。♦飲料：菜單上的飲料中，除了咖啡要加10元，其他都可以選，覺得有滿多的選擇，還不錯。蛤蜊培根青醬斜管麵 180元濃郁的青醬中有奶香味到，再灑上一點起司粉，斜管麵有吸附到青醬的味道，軟硬度也剛好，一份大約有8顆蛤蜊，因為斜管麵非常有味道，覺得真的很好吃。以上分享推薦台中的Chef義式主廚，這附近有停車場，交通還算便利，義式餐點落在200元內，價錢滿平價的，店狗柴犬Chef真的好萌好可愛，推薦這家台中的寵物餐廳喔！chef主廚義式餐廳的老闆，有特別訓練柴犬Chef，是一隻親人、聽主人話的乖狗。--                                      01/02 21:30
0,[食記] 台北東豐街 吳名麻辣火鍋, 1/02,http://www.ptt.cc/bbs/Food/M.1546435949.A.E93.html,   餐廳名稱：吳名麻辣   消費時間：2018.12月   地址：台北大安區大安路一段176巷1-1號 (大安站6號出口 走路約10分鐘內)   電話： 02-2325-5253   營業時間：週一休息; 週二到週日 17:30 ~ 22:30   每人平均價位：NT$500-600 每人低消$250 ; 用餐限時90分鐘 ; 需要10%服務費   可否刷卡：可   有無包廂：無美圖文並茂網誌版：https://bit.ly/2TpSnmI今天呢，來到一家藏匿於台北東豐街巷弄中號稱網紅必去的火鍋店 “吳名麻辣”會知道這家店是因為我在Instagram有follow一個網紅，就順便看到他的男朋友有開這家火鍋店絕對不是認識他們喔，此篇為實實在在的心得分享文啊!!吳名麻辣在通化街有第一店，今年大概九月才在東豐街開了第二家店，可說是全新火熱熱的火鍋店一走進店內的環境比一般小火鍋店乾淨很多，燈光柔和又舒適，裝潢風格簡單卻不失質感!!空間不算太大，大概是8-10桌左右，以四人和六人座位為主，二人座位比較少最有名的拍照背景就在這面牆上，登冷~ 橘紅色霓虹燈寫著 HOT POT ONLY BUT NOT LONELY搭配這個掛燈好有感覺，不說真的覺得整個氛圍像在酒吧而不是火鍋店，麻煩先給我來一杯shot（喂）如果真的很想跟這些字合照最好是訂位時先跟店員說好，我們去的時候這裡都有人坐了一入座，桌旁邊有籃子可以放包包和衣物，桌上正前方菜單一張，我覺得畫的很可愛!!採個人套餐式，湯底就只有麻辣和清湯，兩個人當然就是點鴛鴦最讚囉菜單上選項不多，目前提供牛肉(4種)、豬肉(2種)、雞肉(1種) 共七種不同肉品為主麻辣湯底可選擇小辣、中辣、大辣三種不同辣度，豆腐與鴨血皆可無限續用豆腐與鴨血皆可無限續用，豆腐與鴨血皆可無限續用 ，大嬸如我的眼睛立刻亮了起來哈哈套餐每人一份肉盤，一份菜盤，一份附餐(香米飯，手工拉麵，寬冬粉，蛋四選一)，一份甜點，有想吃的配料和飲料都另外單點麻辣湯我們點小辣，它的湯底是祖傳湯底獨家秘方，重慶辣味，以大紅袍花椒和魔鬼椒帶給你舌尖的麻辣衝擊我喝第一小口後嘴巴大概麻10分鐘，但它其實是麻並不是辣喔，我想可能要點中辣或是大辣才會比較有感覺是有一點點像老四川的感覺，小辣的味道不會到很重，沒有很驚豔耶其實....原味清湯也普普通通沒什麼特別感覺....無限續的鴨血我覺得很好吃!! 口感滑順而且是有入味的，可以無限續真的很開心豆腐它是用超嫩的嫩豆腐，一夾容易就碎的那種，豆腐沒有很入味普通肉盤我們分別點 美國自然牛胸腹肉NT$480 和 台灣雲林梅花豬NT$380 都是6oz，對於一般女生我覺得是很OK的份量它的梅花豬很好吃!! 有一定的厚度涮下去不會支離破碎以外，不會硬也不會難咬，梅花豬肉越嚼越有彈性，邊吃火鍋邊搭配他們的洛神花茶可以綜合他的麻辣鍋的麻，讓人越吃越涮嘴，嘴巴是舒舒服服的在咬，味蕾得到了大大的滿足（什麼啦）私心覺得他的豬肉比牛肉好吃，不過牛胸腹吃起來也OK不會很難咬或是很硬，只是比較起來你就是會想一直夾旁邊的梅花豬去涮!菜盤有點驚訝它完全沒放一般火鍋店會放的加工品火鍋料，放的我都蠻喜歡的，竟然有水蓮耶，蟹肉棒也是天然好吃的那種，菜盤有用心!!我們單點了一份蛤利，這樣一份才幾顆NT$100會不會太貴!!! 而且有沙，並沒有處理得很乾淨...飲料我們點了烏梅可樂NT$90烏梅可樂只是裡面多加了一顆梅子和一片檸檬，是有多特別....喝起來真的就是檸檬可樂而已!! 但配火鍋蠻爽的啦洛神花茶不錯喝，但我確定是因為加蠻多糖才這麼好喝甜點是一份小美冰淇淋直接送來，有點low掉耶......至少也把冰淇淋挖到碗裡比較好看吧BUT 吃完的時候剛好看到老闆本人來店裡，他真的很帥，眼睛剛好也吃冰淇淋哈哈哈哈想知道老闆多帥請自己上instagram搜尋吳名麻辣一餐下來一人大概NT$650，算是蠻貴的耶，竟然要加服務費，CP值瞬間大降低....因為如果都是套餐式，鴛鴦鍋，都要加服務費的話，那我和同行的朋友都覺得聚好太多了!!聚的套餐不但附的食材比較多，價錢也比較便宜，甜點也比較用心私心覺得這家的CP值不高，但不是難吃的那種，如果想要拍照，想要看帥老闆，想要乾淨舒適的環境還是可以去吃看看囉歡迎追蹤Facebook/Instagram: Amber懶女人玩日子--Amber懶女人玩日子：http://etelvina0614.pixnet.net/blog--
